signal_time,signal_side,spot_price,instrument_key,trading_symbol,expiry,strike_price,instrument_type,lot_size,entry_time,exit_time,entry_price,exit_price,quantity,gross_pnl,brokerage,slippage,other_charges,net_pnl,pnl,return_pct,exit_reason,status,error
2026-07-02 09:20:00+05:30,BUY_ENTRY,24122.900390625,NSE_FO|51375,NIFTY 24100 CE 14 JUL 26,2026-07-14,24100.0,CE,65.0,2026-07-02 09:20:00+05:30,2026-07-03 09:15:00+05:30,234.1,358.1,65.0,8060.000000000002,40.0,19.2465,11.547899999999998,7989.205600000002,7989.205600000002,52.503569151907485,GAP_TARGET,COMPLETED,
2026-07-02 09:25:00+05:30,BUY_ENTRY,24111.599609375,NSE_FO|51375,NIFTY 24100 CE 14 JUL 26,2026-07-14,24100.0,CE,65.0,2026-07-02 09:25:00+05:30,2026-07-03 09:15:00+05:30,237.8,358.1,65.0,7819.500000000001,40.0,19.36675,11.620049999999999,7748.513200000001,7748.513200000001,50.129476612538014,GAP_TARGET,COMPLETED,
2026-07-02 09:50:00+05:30,BUY_ENTRY,24136.75,NSE_FO|51377,NIFTY 24150 CE 14 JUL 26,2026-07-14,24150.0,CE,65.0,2026-07-02 09:50:00+05:30,2026-07-03 09:32:00+05:30,220.65,330.975,65.0,7171.125000000001,40.0,17.9278125,10.756687499999998,7102.440500000001,7102.440500000001,49.521103731980695,TARGET,COMPLETED,
2026-07-02 10:05:00+05:30,BUY_ENTRY,24099.75,NSE_FO|51375,NIFTY 24100 CE 14 JUL 26,2026-07-14,24100.0,CE,65.0,2026-07-02 10:05:00+05:30,2026-07-03 09:15:00+05:30,233.4,358.1,65.0,8105.500000000001,40.0,19.22375,11.534249999999998,8034.742000000001,8034.742000000001,52.96118911080352,GAP_TARGET,COMPLETED,
2026-07-02 12:20:00+05:30,BUY_ENTRY,24123.900390625,NSE_FO|51375,NIFTY 24100 CE 14 JUL 26,2026-07-14,24100.0,CE,65.0,2026-07-02 12:20:00+05:30,2026-07-03 09:15:00+05:30,228.8,358.1,65.0,8404.5,40.0,19.07425,11.44455,8333.9812,8333.9812,56.03806616460463,GAP_TARGET,COMPLETED,
2026-07-02 12:25:00+05:30,BUY_ENTRY,24131.80078125,NSE_FO|51377,NIFTY 24150 CE 14 JUL 26,2026-07-14,24150.0,CE,65.0,2026-07-02 12:25:00+05:30,2026-07-03 09:15:00+05:30,202.6,303.9,65.0,6584.499999999999,40.0,16.46125,9.87675,6518.161999999999,6518.161999999999,49.49625635963247,TARGET,COMPLETED,
2026-07-02 12:30:00+05:30,BUY_ENTRY,24122.349609375,NSE_FO|51375,NIFTY 24100 CE 14 JUL 26,2026-07-14,24100.0,CE,65.0,2026-07-02 12:30:00+05:30,2026-07-03 09:15:00+05:30,233.75,358.1,65.0,8082.750000000002,40.0,19.235125,11.541075,8011.973800000002,8011.973800000002,52.732036528177716,GAP_TARGET,COMPLETED,
2026-07-02 12:40:00+05:30,BUY_ENTRY,24122.19921875,NSE_FO|51375,NIFTY 24100 CE 14 JUL 26,2026-07-14,24100.0,CE,65.0,2026-07-02 12:40:00+05:30,2026-07-03 09:15:00+05:30,237.45,358.1,65.0,7842.250000000002,40.0,19.355375,11.613224999999998,7771.281400000002,7771.281400000002,50.350884558692535,GAP_TARGET,COMPLETED,
2026-07-02 12:55:00+05:30,BUY_ENTRY,24119.599609375,NSE_FO|51375,NIFTY 24100 CE 14 JUL 26,2026-07-14,24100.0,CE,65.0,2026-07-02 12:55:00+05:30,2026-07-03 09:15:00+05:30,228.0,358.1,65.0,8456.500000000002,40.0,19.04825,11.428949999999999,8386.022800000002,8386.022800000002,56.5858488529015,GAP_TARGET,COMPLETED,
2026-07-02 13:00:00+05:30,BUY_ENTRY,24133.30078125,NSE_FO|51377,NIFTY 24150 CE 14 JUL 26,2026-07-14,24150.0,CE,65.0,2026-07-02 13:00:00+05:30,2026-07-03 09:15:00+05:30,195.85,293.775,65.0,6365.124999999999,40.0,15.912812500000001,9.547687499999999,6299.664499999999,6299.664499999999,49.48578778892794,TARGET,COMPLETED,
2026-07-02 13:20:00+05:30,BUY_ENTRY,24149.25,NSE_FO|51377,NIFTY 24150 CE 14 JUL 26,2026-07-14,24150.0,CE,65.0,2026-07-02 13:20:00+05:30,2026-07-03 09:22:00+05:30,208.0,312.0,65.0,6760.0,40.0,16.9,10.139999999999999,6692.96,6692.96,49.50414201183432,TARGET,COMPLETED,
2026-07-02 13:25:00+05:30,BUY_ENTRY,24142.849609375,NSE_FO|51377,NIFTY 24150 CE 14 JUL 26,2026-07-14,24150.0,CE,65.0,2026-07-02 13:25:00+05:30,2026-07-03 09:23:00+05:30,208.95,315.0,65.0,6893.250000000001,40.0,17.028375,10.217025,6826.004600000001,6826.004600000001,50.258652971818805,GAP_TARGET,COMPLETED,
2026-07-02 13:30:00+05:30,BUY_ENTRY,24148.900390625,NSE_FO|51377,NIFTY 24150 CE 14 JUL 26,2026-07-14,24150.0,CE,65.0,2026-07-02 13:30:00+05:30,2026-07-03 09:15:00+05:30,203.7,305.54999999999995,65.0,6620.249999999998,40.0,16.550625,9.930375,6553.768999999998,6553.768999999998,49.49789660511309,TARGET,COMPLETED,
2026-07-02 15:00:00+05:30,BUY_ENTRY,24172.05078125,NSE_FO|51377,NIFTY 24150 CE 14 JUL 26,2026-07-14,24150.0,CE,65.0,2026-07-02 15:00:00+05:30,2026-07-06 12:00:00+05:30,231.7,347.54999999999995,65.0,7530.249999999998,40.0,18.825625,11.295374999999998,7460.128999999998,7460.128999999998,49.53440456824141,TARGET,COMPLETED,
2026-07-02 15:10:00+05:30,BUY_ENTRY,24175.80078125,NSE_FO|51379,NIFTY 24200 CE 14 JUL 26,2026-07-14,24200.0,CE,65.0,2026-07-02 15:10:00+05:30,2026-07-03 09:32:00+05:30,198.05,297.07500000000005,65.0,6436.625000000002,40.0,16.091562500000002,9.6549375,6370.878500000002,6370.878500000002,49.48927815431225,TARGET,COMPLETED,
2026-07-03 14:15:00+05:30,SELL_ENTRY,24276.94921875,NSE_FO|51386,NIFTY 24300 PE 14 JUL 26,2026-07-14,24300.0,PE,65.0,2026-07-03 14:15:00+05:30,2026-07-06 09:34:00+05:30,168.4,117.88,65.0,-3283.8000000000006,40.0,9.3041,5.582459999999999,-3338.6865600000006,-3338.6865600000006,-30.501430294171396,STOP_LOSS,COMPLETED,
2026-07-03 14:20:00+05:30,SELL_ENTRY,24272.55078125,NSE_FO|51384,NIFTY 24250 PE 14 JUL 26,2026-07-14,24250.0,PE,65.0,2026-07-03 14:20:00+05:30,2026-07-06 09:30:00+05:30,150.65,105.455,65.0,-2937.6750000000006,40.0,8.3234125,4.9940475,-2990.992460000001,-2990.992460000001,-30.544486302943664,STOP_LOSS,COMPLETED,
2026-07-03 14:25:00+05:30,SELL_ENTRY,24267.80078125,NSE_FO|51384,NIFTY 24250 PE 14 JUL 26,2026-07-14,24250.0,PE,65.0,2026-07-03 14:25:00+05:30,2026-07-06 09:30:00+05:30,149.35,104.54499999999999,65.0,-2912.3250000000003,40.0,8.2515875,4.9509525,-2965.52754,-2965.52754,-30.548041925265895,STOP_LOSS,COMPLETED,
2026-07-03 14:30:00+05:30,SELL_ENTRY,24279.5,NSE_FO|51386,NIFTY 24300 PE 14 JUL 26,2026-07-14,24300.0,PE,65.0,2026-07-03 14:30:00+05:30,2026-07-06 09:31:00+05:30,171.75,120.225,65.0,-3349.1250000000005,40.0,9.4891875,5.6935125,-3404.3077000000003,-3404.3077000000003,-30.494302541708656,STOP_LOSS,COMPLETED,
2026-07-03 14:35:00+05:30,SELL_ENTRY,24278.69921875,NSE_FO|51386,NIFTY 24300 PE 14 JUL 26,2026-07-14,24300.0,PE,65.0,2026-07-03 14:35:00+05:30,2026-07-06 09:35:00+05:30,164.6,115.21999999999998,65.0,-3209.7000000000007,40.0,9.094149999999999,5.45649,-3264.2506400000007,-3264.2506400000007,-30.509866716515567,STOP_LOSS,COMPLETED,
2026-07-03 14:40:00+05:30,SELL_ENTRY,24271.150390625,NSE_FO|51384,NIFTY 24250 PE 14 JUL 26,2026-07-14,24250.0,PE,65.0,2026-07-03 14:40:00+05:30,2026-07-06 09:31:00+05:30,146.0,102.19999999999999,65.0,-2847.000000000001,40.0,8.0665,4.839899999999999,-2899.9064000000008,-2899.9064000000008,-30.55749631190728,STOP_LOSS,COMPLETED,
2026-07-03 14:45:00+05:30,SELL_ENTRY,24278.75,NSE_FO|51386,NIFTY 24300 PE 14 JUL 26,2026-07-14,24300.0,PE,65.0,2026-07-03 14:45:00+05:30,2026-07-06 09:30:00+05:30,175.0,122.49999999999999,65.0,-3412.500000000001,40.0,9.668750000000001,5.80125,-3467.9700000000007,-3467.9700000000007,-30.487648351648357,STOP_LOSS,COMPLETED,
2026-07-03 14:50:00+05:30,SELL_ENTRY,24261.55078125,NSE_FO|51384,NIFTY 24250 PE 14 JUL 26,2026-07-14,24250.0,PE,65.0,2026-07-03 14:50:00+05:30,2026-07-06 09:30:00+05:30,149.55,104.685,65.0,-2916.2250000000004,40.0,8.2626375,4.9575825,-2969.4452200000005,-2969.4452200000005,-30.54749088290513,STOP_LOSS,COMPLETED,
2026-07-03 14:55:00+05:30,SELL_ENTRY,24256.75,NSE_FO|51384,NIFTY 24250 PE 14 JUL 26,2026-07-14,24250.0,PE,65.0,2026-07-03 14:55:00+05:30,2026-07-06 09:30:00+05:30,151.05,105.735,65.0,-2945.475000000001,40.0,8.345512500000002,5.0073075,-2998.827820000001,-2998.827820000001,-30.543404578208953,STOP_LOSS,COMPLETED,
2026-07-03 15:00:00+05:30,SELL_ENTRY,24273.599609375,NSE_FO|51384,NIFTY 24250 PE 14 JUL 26,2026-07-14,24250.0,PE,65.0,2026-07-03 15:00:00+05:30,2026-07-06 09:30:00+05:30,148.5,103.94999999999999,65.0,-2895.750000000001,40.0,8.204625,4.922775,-2948.8774000000008,-2948.8774000000008,-30.550400414400425,STOP_LOSS,COMPLETED,
2026-07-06 10:35:00+05:30,BUY_ENTRY,24392.94921875,NSE_FO|51389,NIFTY 24400 CE 14 JUL 26,2026-07-14,24400.0,CE,65.0,2026-07-06 10:35:00+05:30,2026-07-07 15:26:00+05:30,167.95,117.56499999999998,65.0,-3275.0250000000005,40.0,9.279237499999999,5.567542499999999,-3329.8717800000004,-3329.8717800000004,-30.502409416722013,STOP_LOSS,COMPLETED,
2026-07-06 10:40:00+05:30,BUY_ENTRY,24403.099609375,NSE_FO|51389,NIFTY 24400 CE 14 JUL 26,2026-07-14,24400.0,CE,65.0,2026-07-06 10:40:00+05:30,2026-07-07 15:26:00+05:30,166.3,116.41,65.0,-3242.850000000001,40.0,9.188075000000001,5.5128449999999996,-3297.5509200000006,-3297.5509200000006,-30.50604486794024,STOP_LOSS,COMPLETED,
2026-07-06 11:00:00+05:30,BUY_ENTRY,24418.19921875,NSE_FO|51389,NIFTY 24400 CE 14 JUL 26,2026-07-14,24400.0,CE,65.0,2026-07-06 11:00:00+05:30,2026-07-07 15:25:00+05:30,176.4,123.47999999999999,65.0,-3439.800000000001,40.0,9.746099999999998,5.8476599999999985,-3495.3937600000013,-3495.3937600000013,-30.484857491714646,STOP_LOSS,COMPLETED,
2026-07-07 09:20:00+05:30,BUY_ENTRY,24458.05078125,NSE_FO|51391,NIFTY 24450 CE 14 JUL 26,2026-07-14,24450.0,CE,65.0,2026-07-07 09:20:00+05:30,2026-07-07 15:11:00+05:30,152.45,106.71499999999999,65.0,-2972.775,40.0,8.422862499999999,5.053717499999999,-3026.25158,-3026.25158,-30.539663243938747,STOP_LOSS,COMPLETED,
2026-07-07 09:25:00+05:30,BUY_ENTRY,24455.849609375,NSE_FO|51391,NIFTY 24450 CE 14 JUL 26,2026-07-14,24450.0,CE,65.0,2026-07-07 09:25:00+05:30,2026-07-07 15:20:00+05:30,147.7,103.38999999999999,65.0,-2880.15,40.0,8.160425,4.896254999999999,-2933.2066800000002,-2933.2066800000002,-30.552644966408003,STOP_LOSS,COMPLETED,
2026-07-07 09:35:00+05:30,BUY_ENTRY,24439.25,NSE_FO|51391,NIFTY 24450 CE 14 JUL 26,2026-07-14,24450.0,CE,65.0,2026-07-07 09:35:00+05:30,2026-07-07 15:25:00+05:30,142.5,99.75,65.0,-2778.75,40.0,7.873125,4.723875,-2831.347,-2831.347,-30.567848852901484,STOP_LOSS,COMPLETED,
2026-07-07 09:40:00+05:30,BUY_ENTRY,24459.19921875,NSE_FO|51391,NIFTY 24450 CE 14 JUL 26,2026-07-14,24450.0,CE,65.0,2026-07-07 09:40:00+05:30,2026-07-07 15:20:00+05:30,144.0,100.8,65.0,-2808.0,40.0,7.956,4.773599999999999,-2860.7296,-2860.7296,-30.56335042735043,STOP_LOSS,COMPLETED,
2026-07-07 09:45:00+05:30,BUY_ENTRY,24465.55078125,NSE_FO|51391,NIFTY 24450 CE 14 JUL 26,2026-07-14,24450.0,CE,65.0,2026-07-07 09:45:00+05:30,2026-07-07 15:17:00+05:30,149.55,104.685,65.0,-2916.2250000000004,40.0,8.2626375,4.9575825,-2969.4452200000005,-2969.4452200000005,-30.54749088290513,STOP_LOSS,COMPLETED,
2026-07-07 09:50:00+05:30,BUY_ENTRY,24464.0,NSE_FO|51391,NIFTY 24450 CE 14 JUL 26,2026-07-14,24450.0,CE,65.0,2026-07-07 09:50:00+05:30,2026-07-07 15:17:00+05:30,149.75,104.82499999999999,65.0,-2920.125000000001,40.0,8.2736875,4.9642124999999995,-2973.362900000001,-2973.362900000001,-30.546941312443828,STOP_LOSS,COMPLETED,
2026-07-07 09:55:00+05:30,BUY_ENTRY,24475.55078125,NSE_FO|51393,NIFTY 24500 CE 14 JUL 26,2026-07-14,24500.0,CE,65.0,2026-07-07 09:55:00+05:30,2026-07-07 15:10:00+05:30,125.4,87.78,65.0,-2445.3,40.0,6.928350000000001,4.15701,-2496.38536,-2496.38536,-30.626737332842595,STOP_LOSS,COMPLETED,
2026-07-07 10:00:00+05:30,BUY_ENTRY,24479.0,NSE_FO|51393,NIFTY 24500 CE 14 JUL 26,2026-07-14,24500.0,CE,65.0,2026-07-07 10:00:00+05:30,2026-07-07 15:09:00+05:30,128.3,89.81,65.0,-2501.8500000000004,40.0,7.0885750000000005,4.253145,-2553.1917200000003,-2553.1917200000003,-30.61564506265364,STOP_LOSS,COMPLETED,
2026-07-07 10:05:00+05:30,BUY_ENTRY,24489.150390625,NSE_FO|51393,NIFTY 24500 CE 14 JUL 26,2026-07-14,24500.0,CE,65.0,2026-07-07 10:05:00+05:30,2026-07-07 15:10:00+05:30,127.05,88.93499999999999,65.0,-2477.4750000000004,40.0,7.0195125,4.211707499999999,-2528.7062200000005,-2528.7062200000005,-30.62036412072776,STOP_LOSS,COMPLETED,
2026-07-07 10:10:00+05:30,BUY_ENTRY,24483.25,NSE_FO|51393,NIFTY 24500 CE 14 JUL 26,2026-07-14,24500.0,CE,65.0,2026-07-07 10:10:00+05:30,2026-07-07 15:02:00+05:30,136.4,95.48,65.0,-2659.8,40.0,7.5361,4.52166,-2711.8577600000003,-2711.8577600000003,-30.587161741484326,STOP_LOSS,COMPLETED,
2026-07-07 10:15:00+05:30,BUY_ENTRY,24494.849609375,NSE_FO|51393,NIFTY 24500 CE 14 JUL 26,2026-07-14,24500.0,CE,65.0,2026-07-07 10:15:00+05:30,2026-07-07 15:02:00+05:30,131.9,92.33,65.0,-2572.0500000000006,40.0,7.287475000000001,4.372485,-2623.7099600000006,-2623.7099600000006,-30.602553916136944,STOP_LOSS,COMPLETED,
2026-07-07 10:25:00+05:30,BUY_ENTRY,24490.44921875,NSE_FO|51393,NIFTY 24500 CE 14 JUL 26,2026-07-14,24500.0,CE,65.0,2026-07-07 10:25:00+05:30,2026-07-07 15:02:00+05:30,133.0,93.1,65.0,-2593.5000000000005,40.0,7.34825,4.40895,-2645.2572000000005,-2645.2572000000005,-30.598695199537314,STOP_LOSS,COMPLETED,
2026-07-07 10:30:00+05:30,BUY_ENTRY,24490.69921875,NSE_FO|51393,NIFTY 24500 CE 14 JUL 26,2026-07-14,24500.0,CE,65.0,2026-07-07 10:30:00+05:30,2026-07-07 15:02:00+05:30,134.15,93.905,65.0,-2615.925,40.0,7.411787500000001,4.4470725,-2667.78386,-2667.78386,-30.594728747957223,STOP_LOSS,COMPLETED,
2026-07-07 10:35:00+05:30,BUY_ENTRY,24484.80078125,NSE_FO|51393,NIFTY 24500 CE 14 JUL 26,2026-07-14,24500.0,CE,65.0,2026-07-07 10:35:00+05:30,2026-07-07 15:02:00+05:30,132.2,92.53999999999999,65.0,-2577.8999999999996,40.0,7.304049999999999,4.382429999999999,-2629.5864799999995,-2629.5864799999995,-30.601495170487603,STOP_LOSS,COMPLETED,
2026-07-07 11:15:00+05:30,BUY_ENTRY,24506.94921875,NSE_FO|51393,NIFTY 24500 CE 14 JUL 26,2026-07-14,24500.0,CE,65.0,2026-07-07 11:15:00+05:30,2026-07-07 15:00:00+05:30,142.55,99.785,65.0,-2779.725000000001,40.0,7.8758875,4.7255325,-2832.326420000001,-2832.326420000001,-30.567697380136533,STOP_LOSS,COMPLETED,
2026-07-07 11:20:00+05:30,BUY_ENTRY,24510.099609375,NSE_FO|51393,NIFTY 24500 CE 14 JUL 26,2026-07-14,24500.0,CE,65.0,2026-07-07 11:20:00+05:30,2026-07-07 15:00:00+05:30,141.6,99.11999999999999,65.0,-2761.2000000000003,40.0,7.8233999999999995,4.694039999999999,-2813.7174400000004,-2813.7174400000004,-30.570593654932644,STOP_LOSS,COMPLETED,
2026-07-07 11:25:00+05:30,BUY_ENTRY,24519.55078125,NSE_FO|51393,NIFTY 24500 CE 14 JUL 26,2026-07-14,24500.0,CE,65.0,2026-07-07 11:25:00+05:30,2026-07-07 13:19:00+05:30,147.7,103.38999999999999,65.0,-2880.15,40.0,8.160425,4.896254999999999,-2933.2066800000002,-2933.2066800000002,-30.552644966408003,STOP_LOSS,COMPLETED,
2026-07-07 11:35:00+05:30,BUY_ENTRY,24516.0,NSE_FO|51393,NIFTY 24500 CE 14 JUL 26,2026-07-14,24500.0,CE,65.0,2026-07-07 11:35:00+05:30,2026-07-07 15:00:00+05:30,144.0,100.8,65.0,-2808.0,40.0,7.956,4.773599999999999,-2860.7296,-2860.7296,-30.56335042735043,STOP_LOSS,COMPLETED,
2026-07-07 11:40:00+05:30,BUY_ENTRY,24510.400390625,NSE_FO|51393,NIFTY 24500 CE 14 JUL 26,2026-07-14,24500.0,CE,65.0,2026-07-07 11:40:00+05:30,2026-07-07 15:00:00+05:30,142.55,99.785,65.0,-2779.725000000001,40.0,7.8758875,4.7255325,-2832.326420000001,-2832.326420000001,-30.567697380136533,STOP_LOSS,COMPLETED,
2026-07-07 13:15:00+05:30,SELL_ENTRY,24424.75,NSE_FO|51390,NIFTY 24400 PE 14 JUL 26,2026-07-14,24400.0,PE,65.0,2026-07-07 13:15:00+05:30,2026-07-08 09:15:00+05:30,120.1,208.0,65.0,5713.5,40.0,10.66325,6.39795,5656.4388,5656.4388,72.45806443348492,GAP_TARGET,COMPLETED,
2026-07-07 13:20:00+05:30,SELL_ENTRY,24426.099609375,NSE_FO|51392,NIFTY 24450 PE 14 JUL 26,2026-07-14,24450.0,PE,65.0,2026-07-07 13:20:00+05:30,2026-07-08 09:15:00+05:30,146.0,250.0,65.0,6760.0,40.0,12.870000000000001,7.7219999999999995,6699.408,6699.408,70.59439409905164,GAP_TARGET,COMPLETED,
2026-07-07 13:25:00+05:30,SELL_ENTRY,24443.099609375,NSE_FO|51392,NIFTY 24450 PE 14 JUL 26,2026-07-14,24450.0,PE,65.0,2026-07-07 13:25:00+05:30,2026-07-08 09:15:00+05:30,141.45,250.0,65.0,7055.750000000001,40.0,12.722125,7.633274999999999,6995.3946000000005,6995.3946000000005,76.08445060771678,GAP_TARGET,COMPLETED,
2026-07-07 13:30:00+05:30,SELL_ENTRY,24431.150390625,NSE_FO|51392,NIFTY 24450 PE 14 JUL 26,2026-07-14,24450.0,PE,65.0,2026-07-07 13:30:00+05:30,2026-07-08 09:15:00+05:30,142.5,250.0,65.0,6987.5,40.0,12.75625,7.65375,6927.09,6927.09,74.7863967611336,GAP_TARGET,COMPLETED,
2026-07-07 13:35:00+05:30,SELL_ENTRY,24426.44921875,NSE_FO|51392,NIFTY 24450 PE 14 JUL 26,2026-07-14,24450.0,PE,65.0,2026-07-07 13:35:00+05:30,2026-07-08 09:15:00+05:30,141.95,250.0,65.0,7023.250000000001,40.0,12.738375,7.643025,6962.868600000001,6962.868600000001,75.46393475492454,GAP_TARGET,COMPLETED,
2026-07-07 13:40:00+05:30,SELL_ENTRY,24438.19921875,NSE_FO|51392,NIFTY 24450 PE 14 JUL 26,2026-07-14,24450.0,PE,65.0,2026-07-07 13:40:00+05:30,2026-07-08 09:15:00+05:30,145.75,250.0,65.0,6776.25,40.0,12.861875,7.717124999999999,6715.671,6715.671,70.88714606148568,GAP_TARGET,COMPLETED,
2026-07-07 13:45:00+05:30,SELL_ENTRY,24435.599609375,NSE_FO|51392,NIFTY 24450 PE 14 JUL 26,2026-07-14,24450.0,PE,65.0,2026-07-07 13:45:00+05:30,2026-07-08 09:15:00+05:30,137.8,250.0,65.0,7292.999999999999,40.0,12.6035,7.562099999999999,7232.834399999999,7232.834399999999,80.75063525734062,GAP_TARGET,COMPLETED,
2026-07-07 13:50:00+05:30,SELL_ENTRY,24435.400390625,NSE_FO|51392,NIFTY 24450 PE 14 JUL 26,2026-07-14,24450.0,PE,65.0,2026-07-07 13:50:00+05:30,2026-07-08 09:15:00+05:30,140.5,250.0,65.0,7117.5,40.0,12.69125,7.614749999999999,7057.194,7057.194,77.27559813851629,GAP_TARGET,COMPLETED,
2026-07-07 15:05:00+05:30,SELL_ENTRY,24405.05078125,NSE_FO|51390,NIFTY 24400 PE 14 JUL 26,2026-07-14,24400.0,PE,65.0,2026-07-07 15:05:00+05:30,2026-07-08 09:15:00+05:30,122.0,208.0,65.0,5590.0,40.0,10.725,6.435,5532.84,5532.84,69.77099621689786,GAP_TARGET,COMPLETED,
2026-07-07 15:10:00+05:30,SELL_ENTRY,24397.849609375,NSE_FO|51390,NIFTY 24400 PE 14 JUL 26,2026-07-14,24400.0,PE,65.0,2026-07-07 15:10:00+05:30,2026-07-08 09:15:00+05:30,134.1,208.0,65.0,4803.5,40.0,11.11825,6.6709499999999995,4745.7108,4745.7108,54.44514197212184,GAP_TARGET,COMPLETED,
2026-07-07 15:15:00+05:30,SELL_ENTRY,24389.0,NSE_FO|51390,NIFTY 24400 PE 14 JUL 26,2026-07-14,24400.0,PE,65.0,2026-07-07 15:15:00+05:30,2026-07-08 09:15:00+05:30,131.5,208.0,65.0,4972.5,40.0,11.03375,6.6202499999999995,4914.846,4914.846,57.500391927464165,GAP_TARGET,COMPLETED,
2026-07-07 15:20:00+05:30,SELL_ENTRY,24368.69921875,NSE_FO|51388,NIFTY 24350 PE 14 JUL 26,2026-07-14,24350.0,PE,65.0,2026-07-07 15:20:00+05:30,2026-07-08 09:15:00+05:30,116.75,175.125,65.0,3794.375,40.0,9.4859375,5.6915625,3739.1975,3739.1975,49.27290396969198,TARGET,COMPLETED,
2026-07-07 15:25:00+05:30,SELL_ENTRY,24355.099609375,NSE_FO|51388,NIFTY 24350 PE 14 JUL 26,2026-07-14,24350.0,PE,65.0,2026-07-07 15:25:00+05:30,2026-07-08 09:15:00+05:30,125.35,188.02499999999998,65.0,4073.874999999999,40.0,10.1846875,6.1108125,4017.579499999999,4017.579499999999,49.30906692031541,TARGET,COMPLETED,
2026-07-08 09:15:00+05:30,SELL_ENTRY,24284.44921875,NSE_FO|51386,NIFTY 24300 PE 14 JUL 26,2026-07-14,24300.0,PE,65.0,2026-07-08 09:15:00+05:30,2026-07-08 13:47:00+05:30,162.9,244.35000000000002,65.0,5294.250000000001,40.0,13.235625,7.941374999999999,5233.073000000001,5233.073000000001,49.42223166643057,TARGET,COMPLETED,
2026-07-08 09:20:00+05:30,SELL_ENTRY,24246.0,NSE_FO|51384,NIFTY 24250 PE 14 JUL 26,2026-07-14,24250.0,PE,65.0,2026-07-08 09:20:00+05:30,2026-07-08 13:47:00+05:30,138.65,207.97500000000002,65.0,4506.125000000001,40.0,11.2653125,6.7591874999999995,4448.1005000000005,4448.1005000000005,49.35615967155817,TARGET,COMPLETED,
2026-07-08 09:25:00+05:30,SELL_ENTRY,24239.19921875,NSE_FO|51384,NIFTY 24250 PE 14 JUL 26,2026-07-14,24250.0,PE,65.0,2026-07-08 09:25:00+05:30,2026-07-08 13:47:00+05:30,160.4,240.60000000000002,65.0,5213.000000000001,40.0,13.0325,7.8195,5152.148000000001,5152.148000000001,49.41634375599464,TARGET,COMPLETED,
2026-07-08 09:30:00+05:30,SELL_ENTRY,24219.599609375,NSE_FO|51380,NIFTY 24200 PE 14 JUL 26,2026-07-14,24200.0,PE,65.0,2026-07-08 09:30:00+05:30,2026-07-08 13:50:00+05:30,148.65,222.97500000000002,65.0,4831.125000000001,40.0,12.0778125,7.246687499999999,4771.800500000001,4771.800500000001,49.386017749489,TARGET,COMPLETED,
2026-07-08 09:35:00+05:30,SELL_ENTRY,24217.150390625,NSE_FO|51380,NIFTY 24200 PE 14 JUL 26,2026-07-14,24200.0,PE,65.0,2026-07-08 09:35:00+05:30,2026-07-08 13:51:00+05:30,150.5,225.75,65.0,4891.25,40.0,12.228125,7.336874999999999,4831.685,4831.685,49.391106567850755,TARGET,COMPLETED,
2026-07-08 09:40:00+05:30,SELL_ENTRY,24226.80078125,NSE_FO|51384,NIFTY 24250 PE 14 JUL 26,2026-07-14,24250.0,PE,65.0,2026-07-08 09:40:00+05:30,2026-07-08 13:52:00+05:30,177.85,266.775,65.0,5780.124999999999,40.0,14.4503125,8.670187499999999,5717.004499999999,5717.004499999999,49.45398672174044,TARGET,COMPLETED,
2026-07-08 09:45:00+05:30,SELL_ENTRY,24248.900390625,NSE_FO|51384,NIFTY 24250 PE 14 JUL 26,2026-07-14,24250.0,PE,65.0,2026-07-08 09:45:00+05:30,2026-07-08 13:50:00+05:30,170.7,256.04999999999995,65.0,5547.749999999998,40.0,13.869374999999998,8.321624999999997,5485.558999999998,5485.558999999998,49.43949348835112,TARGET,COMPLETED,
2026-07-08 09:50:00+05:30,SELL_ENTRY,24251.099609375,NSE_FO|51384,NIFTY 24250 PE 14 JUL 26,2026-07-14,24250.0,PE,65.0,2026-07-08 09:50:00+05:30,2026-07-08 13:47:00+05:30,159.4,239.10000000000002,65.0,5180.500000000001,40.0,12.95125,7.77075,5119.778000000001,5119.778000000001,49.41393687867968,TARGET,COMPLETED,
2026-07-08 09:55:00+05:30,SELL_ENTRY,24251.75,NSE_FO|51384,NIFTY 24250 PE 14 JUL 26,2026-07-14,24250.0,PE,65.0,2026-07-08 09:55:00+05:30,2026-07-08 13:47:00+05:30,153.2,229.79999999999998,65.0,4979.0,40.0,12.4475,7.4685,4919.084,4919.084,49.3983129142398,TARGET,COMPLETED,
2026-07-08 10:00:00+05:30,SELL_ENTRY,24241.30078125,NSE_FO|51384,NIFTY 24250 PE 14 JUL 26,2026-07-14,24250.0,PE,65.0,2026-07-08 10:00:00+05:30,2026-07-08 13:47:00+05:30,161.95,242.92499999999998,65.0,5263.375,40.0,13.1584375,7.895062499999999,5202.3215,5202.3215,49.42001567435344,TARGET,COMPLETED,
2026-07-08 10:05:00+05:30,SELL_ENTRY,24240.69921875,NSE_FO|51384,NIFTY 24250 PE 14 JUL 26,2026-07-14,24250.0,PE,65.0,2026-07-08 10:05:00+05:30,2026-07-08 13:48:00+05:30,163.4,245.10000000000002,65.0,5310.500000000001,40.0,13.276250000000001,7.965749999999999,5249.258000000001,5249.258000000001,49.42338762828359,TARGET,COMPLETED,
2026-07-08 10:10:00+05:30,SELL_ENTRY,24238.19921875,NSE_FO|51384,NIFTY 24250 PE 14 JUL 26,2026-07-14,24250.0,PE,65.0,2026-07-08 10:10:00+05:30,2026-07-08 13:47:00+05:30,151.05,226.57500000000002,65.0,4909.125,40.0,12.2728125,7.363687499999999,4849.4885,4849.4885,49.39259542179106,TARGET,COMPLETED,
2026-07-08 12:00:00+05:30,SELL_ENTRY,24234.94921875,NSE_FO|51384,NIFTY 24250 PE 14 JUL 26,2026-07-14,24250.0,PE,65.0,2026-07-08 12:00:00+05:30,2026-07-08 13:47:00+05:30,151.95,227.92499999999998,65.0,4938.375,40.0,12.3459375,7.407562499999999,4878.6215,4878.6215,49.39500847950996,TARGET,COMPLETED,
2026-07-08 12:05:00+05:30,SELL_ENTRY,24226.94921875,NSE_FO|51384,NIFTY 24250 PE 14 JUL 26,2026-07-14,24250.0,PE,65.0,2026-07-08 12:05:00+05:30,2026-07-08 13:47:00+05:30,153.95,230.92499999999998,65.0,5003.375,40.0,12.5084375,7.505062499999999,4943.3615,4943.3615,49.40026981787294,TARGET,COMPLETED,
2026-07-08 12:10:00+05:30,SELL_ENTRY,24222.400390625,NSE_FO|51380,NIFTY 24200 PE 14 JUL 26,2026-07-14,24200.0,PE,65.0,2026-07-08 12:10:00+05:30,2026-07-08 13:47:00+05:30,136.3,204.45000000000002,65.0,4429.75,40.0,11.074375,6.644625,4372.031,4372.031,49.348507252102266,TARGET,COMPLETED,
2026-07-08 12:15:00+05:30,SELL_ENTRY,24230.5,NSE_FO|51384,NIFTY 24250 PE 14 JUL 26,2026-07-14,24250.0,PE,65.0,2026-07-08 12:15:00+05:30,2026-07-08 13:50:00+05:30,169.15,253.72500000000002,65.0,5497.375000000001,40.0,13.7434375,8.246062499999999,5435.385500000001,5435.385500000001,49.43618999977263,TARGET,COMPLETED,
2026-07-08 12:20:00+05:30,SELL_ENTRY,24206.0,NSE_FO|51380,NIFTY 24200 PE 14 JUL 26,2026-07-14,24200.0,PE,65.0,2026-07-08 12:20:00+05:30,2026-07-08 13:47:00+05:30,137.55,206.32500000000002,65.0,4470.375,40.0,11.1759375,6.705562499999999,4412.4935,4412.4935,49.35261023963314,TARGET,COMPLETED,
2026-07-08 12:25:00+05:30,SELL_ENTRY,24206.55078125,NSE_FO|51380,NIFTY 24200 PE 14 JUL 26,2026-07-14,24200.0,PE,65.0,2026-07-08 12:25:00+05:30,2026-07-08 13:48:00+05:30,145.55,218.32500000000002,65.0,4730.375,40.0,11.8259375,7.0955625,4671.4535,4671.4535,49.37720053906931,TARGET,COMPLETED,
2026-07-08 12:30:00+05:30,SELL_ENTRY,24195.400390625,NSE_FO|51380,NIFTY 24200 PE 14 JUL 26,2026-07-14,24200.0,PE,65.0,2026-07-08 12:30:00+05:30,2026-07-08 13:50:00+05:30,149.25,223.875,65.0,4850.625,40.0,12.1265625,7.2759374999999995,4791.2225,4791.2225,49.3876819997423,TARGET,COMPLETED,
2026-07-08 12:35:00+05:30,SELL_ENTRY,24191.849609375,NSE_FO|51380,NIFTY 24200 PE 14 JUL 26,2026-07-14,24200.0,PE,65.0,2026-07-08 12:35:00+05:30,2026-07-08 13:51:00+05:30,152.1,228.14999999999998,65.0,4943.249999999999,40.0,12.358125000000001,7.414874999999999,4883.476999999999,4883.476999999999,49.39540787943154,TARGET,COMPLETED,
2026-07-08 12:40:00+05:30,SELL_ENTRY,24204.69921875,NSE_FO|51380,NIFTY 24200 PE 14 JUL 26,2026-07-14,24200.0,PE,65.0,2026-07-08 12:40:00+05:30,2026-07-08 13:51:00+05:30,153.9,230.85000000000002,65.0,5001.750000000001,40.0,12.504375,7.502624999999999,4941.743000000001,4941.743000000001,49.40013995101716,TARGET,COMPLETED,
2026-07-08 12:45:00+05:30,SELL_ENTRY,24204.55078125,NSE_FO|51380,NIFTY 24200 PE 14 JUL 26,2026-07-14,24200.0,PE,65.0,2026-07-08 12:45:00+05:30,2026-07-08 13:48:00+05:30,147.5,221.25,65.0,4793.75,40.0,11.984375,7.190624999999999,4734.575,4734.575,49.38279009126467,TARGET,COMPLETED,
2026-07-08 12:50:00+05:30,SELL_ENTRY,24219.30078125,NSE_FO|51380,NIFTY 24200 PE 14 JUL 26,2026-07-14,24200.0,PE,65.0,2026-07-08 12:50:00+05:30,2026-07-08 13:47:00+05:30,139.1,208.64999999999998,65.0,4520.749999999999,40.0,11.301875,6.781124999999999,4462.6669999999995,4462.6669999999995,49.357595531714864,TARGET,COMPLETED,
2026-07-08 13:45:00+05:30,SELL_ENTRY,24120.19921875,NSE_FO|51376,NIFTY 24100 PE 14 JUL 26,2026-07-14,24100.0,PE,65.0,2026-07-08 13:45:00+05:30,2026-07-08 13:47:00+05:30,94.5,141.75,65.0,3071.25,40.0,7.6781250000000005,4.606875,3018.965,3018.965,49.14879934879935,TARGET,COMPLETED,
2026-07-08 13:50:00+05:30,SELL_ENTRY,24064.25,NSE_FO|51374,NIFTY 24050 PE 14 JUL 26,2026-07-14,24050.0,PE,65.0,2026-07-08 13:50:00+05:30,2026-07-08 13:59:00+05:30,140.85,211.27499999999998,65.0,4577.624999999999,40.0,11.4440625,6.866437499999999,4519.3144999999995,4519.3144999999995,49.363092214849395,TARGET,COMPLETED,
2026-07-08 13:55:00+05:30,SELL_ENTRY,24009.55078125,NSE_FO|51371,NIFTY 24000 PE 14 JUL 26,2026-07-14,24000.0,PE,65.0,2026-07-08 13:55:00+05:30,2026-07-08 14:05:00+05:30,145.25,217.875,65.0,4720.625,40.0,11.801562500000001,7.080937499999999,4661.7425,4661.7425,49.37632728717066,TARGET,COMPLETED,
2026-07-08 14:00:00+05:30,SELL_ENTRY,23976.400390625,NSE_FO|51371,NIFTY 24000 PE 14 JUL 26,2026-07-14,24000.0,PE,65.0,2026-07-08 14:00:00+05:30,2026-07-08 14:12:00+05:30,180.8,271.20000000000005,65.0,5876.000000000002,40.0,14.690000000000001,8.814,5812.496000000002,5812.496000000002,49.459632402995254,TARGET,COMPLETED,
2026-07-08 14:05:00+05:30,SELL_ENTRY,23923.849609375,NSE_FO|51365,NIFTY 23900 PE 14 JUL 26,2026-07-14,23900.0,PE,65.0,2026-07-08 14:05:00+05:30,2026-07-09 09:15:00+05:30,182.15,127.505,65.0,-3551.9250000000006,40.0,10.063787499999998,6.038272499999999,-3608.027060000001,-3608.027060000001,-30.473844971388758,STOP_LOSS,COMPLETED,
2026-07-08 14:10:00+05:30,SELL_ENTRY,23897.599609375,NSE_FO|51365,NIFTY 23900 PE 14 JUL 26,2026-07-14,23900.0,PE,65.0,2026-07-08 14:10:00+05:30,2026-07-09 09:15:00+05:30,202.6,141.82,65.0,-3950.7000000000003,40.0,11.19365,6.716189999999999,-4008.60984,-4008.60984,-30.439743640367528,STOP_LOSS,COMPLETED,
2026-07-08 14:15:00+05:30,SELL_ENTRY,23909.849609375,NSE_FO|51365,NIFTY 23900 PE 14 JUL 26,2026-07-14,23900.0,PE,65.0,2026-07-08 14:15:00+05:30,2026-07-09 09:15:00+05:30,210.4,147.28,65.0,-4102.8,40.0,11.624600000000001,6.97476,-4161.39936,-4161.39936,-30.428483182217025,STOP_LOSS,COMPLETED,
2026-07-08 14:20:00+05:30,SELL_ENTRY,23905.55078125,NSE_FO|51365,NIFTY 23900 PE 14 JUL 26,2026-07-14,23900.0,PE,65.0,2026-07-08 14:20:00+05:30,2026-07-09 09:15:00+05:30,190.5,133.35,65.0,-3714.7500000000005,40.0,10.525125000000001,6.315074999999999,-3771.5902000000006,-3771.5902000000006,-30.459036543508986,STOP_LOSS,COMPLETED,
2026-07-08 14:25:00+05:30,SELL_ENTRY,23874.150390625,NSE_FO|51363,NIFTY 23850 PE 14 JUL 26,2026-07-14,23850.0,PE,65.0,2026-07-08 14:25:00+05:30,2026-07-09 09:15:00+05:30,176.65,123.655,65.0,-3444.675,40.0,9.7599125,5.8559475,-3500.29086,-3500.29086,-30.484363778876094,STOP_LOSS,COMPLETED,
2026-07-08 14:30:00+05:30,SELL_ENTRY,23882.55078125,NSE_FO|51365,NIFTY 23900 PE 14 JUL 26,2026-07-14,23900.0,PE,65.0,2026-07-08 14:30:00+05:30,2026-07-09 09:15:00+05:30,199.3,139.51,65.0,-3886.3500000000013,40.0,11.011325000000001,6.606795,-3943.9681200000014,-3943.9681200000014,-30.444773013238652,STOP_LOSS,COMPLETED,
2026-07-08 14:35:00+05:30,SELL_ENTRY,23858.650390625,NSE_FO|51363,NIFTY 23850 PE 14 JUL 26,2026-07-14,23850.0,PE,65.0,2026-07-08 14:35:00+05:30,2026-07-09 09:15:00+05:30,184.2,128.94,65.0,-3591.8999999999996,40.0,10.17705,6.106229999999999,-3648.1832799999997,-3648.1832799999997,-30.47008502463877,STOP_LOSS,COMPLETED,
2026-07-08 14:40:00+05:30,SELL_ENTRY,23863.400390625,NSE_FO|51363,NIFTY 23850 PE 14 JUL 26,2026-07-14,23850.0,PE,65.0,2026-07-08 14:40:00+05:30,2026-07-09 09:15:00+05:30,190.6,133.42,65.0,-3716.7000000000003,40.0,10.53065,6.318389999999999,-3773.5490400000003,-3773.5490400000003,-30.45886705948826,STOP_LOSS,COMPLETED,
2026-07-08 14:45:00+05:30,SELL_ENTRY,23840.349609375,NSE_FO|51363,NIFTY 23850 PE 14 JUL 26,2026-07-14,23850.0,PE,65.0,2026-07-08 14:45:00+05:30,2026-07-09 09:15:00+05:30,195.2,136.64,65.0,-3806.4,40.0,10.784799999999999,6.470879999999999,-3863.6556800000003,-3863.6556800000003,-30.45125851197983,STOP_LOSS,COMPLETED,
2026-07-08 14:50:00+05:30,SELL_ENTRY,23821.0,NSE_FO|51360,NIFTY 23800 PE 14 JUL 26,2026-07-14,23800.0,PE,65.0,2026-07-08 14:50:00+05:30,2026-07-09 09:15:00+05:30,173.4,121.38,65.0,-3381.3000000000006,40.0,9.580350000000001,5.748209999999999,-3436.6285600000006,-3436.6285600000006,-30.490893088457106,STOP_LOSS,COMPLETED,
2026-07-08 14:55:00+05:30,SELL_ENTRY,23828.650390625,NSE_FO|51363,NIFTY 23850 PE 14 JUL 26,2026-07-14,23850.0,PE,65.0,2026-07-08 14:55:00+05:30,2026-07-09 09:15:00+05:30,209.85,146.89499999999998,65.0,-4092.0750000000007,40.0,11.5942125,6.956527499999999,-4150.62574,-4150.62574,-30.429249757152547,STOP_LOSS,COMPLETED,
2026-07-08 15:00:00+05:30,SELL_ENTRY,23855.19921875,NSE_FO|51363,NIFTY 23850 PE 14 JUL 26,2026-07-14,23850.0,PE,65.0,2026-07-08 15:00:00+05:30,2026-07-09 09:15:00+05:30,182.0,127.39999999999999,65.0,-3549.0000000000005,40.0,10.0555,6.0333,-3605.0888000000004,-3605.0888000000004,-30.474123415046495,STOP_LOSS,COMPLETED,
2026-07-08 15:05:00+05:30,SELL_ENTRY,23861.900390625,NSE_FO|51363,NIFTY 23850 PE 14 JUL 26,2026-07-14,23850.0,PE,65.0,2026-07-08 15:05:00+05:30,2026-07-09 09:15:00+05:30,184.55,129.185,65.0,-3598.7250000000004,40.0,10.1963875,6.1178325,-3655.0392200000006,-3655.0392200000006,-30.46945143071505,STOP_LOSS,COMPLETED,
2026-07-09 10:55:00+05:30,SELL_ENTRY,24013.900390625,NSE_FO|51371,NIFTY 24000 PE 14 JUL 26,2026-07-14,24000.0,PE,65.0,2026-07-09 10:55:00+05:30,2026-07-09 15:29:00+05:30,133.55,149.25,65.0,1020.4999999999993,40.0,9.191,5.5146,965.7943999999993,965.7943999999993,11.125702272269093,END_OF_DATA,COMPLETED,
2026-07-09 11:00:00+05:30,SELL_ENTRY,24019.30078125,NSE_FO|51371,NIFTY 24000 PE 14 JUL 26,2026-07-14,24000.0,PE,65.0,2026-07-09 11:00:00+05:30,2026-07-09 11:27:00+05:30,147.9,103.53,65.0,-2884.05,40.0,8.171475000000001,4.9028849999999995,-2937.1243600000003,-2937.1243600000003,-30.552081551984188,STOP_LOSS,COMPLETED,
2026-07-09 11:05:00+05:30,SELL_ENTRY,24010.75,NSE_FO|51371,NIFTY 24000 PE 14 JUL 26,2026-07-14,24000.0,PE,65.0,2026-07-09 11:05:00+05:30,2026-07-09 15:29:00+05:30,135.25,149.25,65.0,910.0,40.0,9.24625,5.54775,855.206,855.206,9.727922650362576,END_OF_DATA,COMPLETED,
2026-07-09 11:10:00+05:30,SELL_ENTRY,24015.25,NSE_FO|51371,NIFTY 24000 PE 14 JUL 26,2026-07-14,24000.0,PE,65.0,2026-07-09 11:10:00+05:30,2026-07-09 15:29:00+05:30,135.9,149.25,65.0,867.7499999999997,40.0,9.267375,5.5604249999999995,812.9221999999996,812.9221999999996,9.202719193977469,END_OF_DATA,COMPLETED,
2026-07-09 12:40:00+05:30,SELL_ENTRY,24023.349609375,NSE_FO|51371,NIFTY 24000 PE 14 JUL 26,2026-07-14,24000.0,PE,65.0,2026-07-09 12:40:00+05:30,2026-07-09 15:07:00+05:30,121.9,182.85000000000002,65.0,3961.750000000001,40.0,9.904375,5.942625,3905.9030000000007,3905.9030000000007,49.295172587871534,TARGET,COMPLETED,
2026-07-09 12:45:00+05:30,SELL_ENTRY,24035.55078125,NSE_FO|51374,NIFTY 24050 PE 14 JUL 26,2026-07-14,24050.0,PE,65.0,2026-07-09 12:45:00+05:30,2026-07-09 15:29:00+05:30,148.7,176.5,65.0,1807.0000000000007,40.0,10.569,6.341399999999999,1750.0896000000007,1750.0896000000007,18.1065604469505,END_OF_DATA,COMPLETED,
2026-07-09 12:50:00+05:30,SELL_ENTRY,24049.5,NSE_FO|51374,NIFTY 24050 PE 14 JUL 26,2026-07-14,24050.0,PE,65.0,2026-07-09 12:50:00+05:30,2026-07-09 15:29:00+05:30,146.1,176.5,65.0,1976.0000000000005,40.0,10.4845,6.290699999999999,1919.2248000000004,1919.2248000000004,20.209812036013272,END_OF_DATA,COMPLETED,
2026-07-09 12:55:00+05:30,SELL_ENTRY,24038.400390625,NSE_FO|51374,NIFTY 24050 PE 14 JUL 26,2026-07-14,24050.0,PE,65.0,2026-07-09 12:55:00+05:30,2026-07-09 15:06:00+05:30,132.5,198.75,65.0,4306.25,40.0,10.765625,6.459375,4249.025,4249.025,49.335558780841794,TARGET,COMPLETED,
2026-07-09 13:10:00+05:30,SELL_ENTRY,24051.650390625,NSE_FO|51374,NIFTY 24050 PE 14 JUL 26,2026-07-14,24050.0,PE,65.0,2026-07-09 13:10:00+05:30,2026-07-09 15:06:00+05:30,134.25,201.375,65.0,4363.125,40.0,10.9078125,6.544687499999999,4305.6725,4305.6725,49.34161294943418,TARGET,COMPLETED,
2026-07-09 13:15:00+05:30,SELL_ENTRY,24052.30078125,NSE_FO|51374,NIFTY 24050 PE 14 JUL 26,2026-07-14,24050.0,PE,65.0,2026-07-09 13:15:00+05:30,2026-07-09 15:06:00+05:30,130.35,195.52499999999998,65.0,4236.374999999999,40.0,10.5909375,6.354562499999999,4179.429499999999,4179.429499999999,49.32789826207547,TARGET,COMPLETED,
2026-07-09 13:20:00+05:30,SELL_ENTRY,24037.400390625,NSE_FO|51374,NIFTY 24050 PE 14 JUL 26,2026-07-14,24050.0,PE,65.0,2026-07-09 13:20:00+05:30,2026-07-09 15:06:00+05:30,130.85,196.27499999999998,65.0,4252.624999999999,40.0,10.6315625,6.378937499999999,4195.614499999999,4195.614499999999,49.32970224273242,TARGET,COMPLETED,
2026-07-09 13:25:00+05:30,SELL_ENTRY,24035.55078125,NSE_FO|51374,NIFTY 24050 PE 14 JUL 26,2026-07-14,24050.0,PE,65.0,2026-07-09 13:25:00+05:30,2026-07-09 15:06:00+05:30,138.0,207.0,65.0,4485.0,40.0,11.2125,6.727499999999999,4427.06,4427.06,49.354069119286514,TARGET,COMPLETED,
2026-07-09 15:10:00+05:30,SELL_ENTRY,23940.5,NSE_FO|51367,NIFTY 23950 PE 14 JUL 26,2026-07-14,23950.0,PE,65.0,2026-07-09 15:10:00+05:30,2026-07-09 15:29:00+05:30,140.15,124.2,65.0,-1036.7500000000002,40.0,8.591375,5.154825,-1090.4962000000003,-1090.4962000000003,-11.970649029885564,END_OF_DATA,COMPLETED,
2026-07-09 15:15:00+05:30,SELL_ENTRY,23958.05078125,NSE_FO|51367,NIFTY 23950 PE 14 JUL 26,2026-07-14,23950.0,PE,65.0,2026-07-09 15:15:00+05:30,2026-07-09 15:29:00+05:30,141.75,124.2,65.0,-1140.7499999999998,40.0,8.643375,5.186025,-1194.5793999999999,-1194.5793999999999,-12.965181386514718,END_OF_DATA,COMPLETED,
2026-07-09 15:20:00+05:30,SELL_ENTRY,23969.650390625,NSE_FO|51367,NIFTY 23950 PE 14 JUL 26,2026-07-14,23950.0,PE,65.0,2026-07-09 15:20:00+05:30,2026-07-09 15:29:00+05:30,130.5,124.2,65.0,-409.49999999999983,40.0,8.277750000000001,4.96665,-462.7443999999998,-462.7443999999998,-5.45528323017978,END_OF_DATA,COMPLETED,
2026-07-09 15:25:00+05:30,SELL_ENTRY,23981.900390625,NSE_FO|51371,NIFTY 24000 PE 14 JUL 26,2026-07-14,24000.0,PE,65.0,2026-07-09 15:25:00+05:30,2026-07-09 15:29:00+05:30,149.4,149.25,65.0,-9.75000000000037,40.0,9.706125,5.823675,-65.27980000000036,-65.27980000000036,-0.6722253115024237,END_OF_DATA,COMPLETED,
2026-07-10 09:25:00+05:30,BUY_ENTRY,24168.400390625,,,,,,,,,,,,,,,,,,,,FAILED,No option candle exists at or after entry_time=2026-07-10 09:25:00+05:30.
2026-07-10 09:30:00+05:30,BUY_ENTRY,24186.0,,,,,,,,,,,,,,,,,,,,FAILED,No option candle exists at or after entry_time=2026-07-10 09:30:00+05:30.
2026-07-10 12:40:00+05:30,BUY_ENTRY,24188.25,,,,,,,,,,,,,,,,,,,,FAILED,No option candle exists at or after entry_time=2026-07-10 12:40:00+05:30.
2026-07-10 12:45:00+05:30,BUY_ENTRY,24188.05078125,,,,,,,,,,,,,,,,,,,,FAILED,No option candle exists at or after entry_time=2026-07-10 12:45:00+05:30.
2026-07-10 12:50:00+05:30,BUY_ENTRY,24189.0,,,,,,,,,,,,,,,,,,,,FAILED,No option candle exists at or after entry_time=2026-07-10 12:50:00+05:30.
2026-07-10 13:05:00+05:30,BUY_ENTRY,24181.55078125,,,,,,,,,,,,,,,,,,,,FAILED,No option candle exists at or after entry_time=2026-07-10 13:05:00+05:30.
2026-07-10 13:40:00+05:30,BUY_ENTRY,24196.75,,,,,,,,,,,,,,,,,,,,FAILED,No option candle exists at or after entry_time=2026-07-10 13:40:00+05:30.
